{
  "Get Request" : {
    "transaction" : "Get Request",
    "sampleCount" : 1,
    "errorCount" : 0,
    "errorPct" : 0.0,
    "meanResTime" : 665.0,
    "medianResTime" : 665.0,
    "minResTime" : 665.0,
    "maxResTime" : 665.0,
    "pct1ResTime" : 665.0,
    "pct2ResTime" : 665.0,
    "pct3ResTime" : 665.0,
    "throughput" : 1.5037593984962407,
    "receivedKBytesPerSec" : 1.6755756578947367,
    "sentKBytesPerSec" : 0.22615131578947367
  },
  "Post Request" : {
    "transaction" : "Post Request",
    "sampleCount" : 1,
    "errorCount" : 0,
    "errorPct" : 0.0,
    "meanResTime" : 314.0,
    "medianResTime" : 314.0,
    "minResTime" : 314.0,
    "maxResTime" : 314.0,
    "pct1ResTime" : 314.0,
    "pct2ResTime" : 314.0,
    "pct3ResTime" : 314.0,
    "throughput" : 3.1847133757961785,
    "receivedKBytesPerSec" : 3.819167993630573,
    "sentKBytesPerSec" : 0.6126841162420382
  },
  "Put Request" : {
    "transaction" : "Put Request",
    "sampleCount" : 1,
    "errorCount" : 0,
    "errorPct" : 0.0,
    "meanResTime" : 270.0,
    "medianResTime" : 270.0,
    "minResTime" : 270.0,
    "maxResTime" : 270.0,
    "pct1ResTime" : 270.0,
    "pct2ResTime" : 270.0,
    "pct3ResTime" : 270.0,
    "throughput" : 3.7037037037037037,
    "receivedKBytesPerSec" : 4.553674768518518,
    "sentKBytesPerSec" : 0.8355034722222222
  },
  "Total" : {
    "transaction" : "Total",
    "sampleCount" : 3,
    "errorCount" : 0,
    "errorPct" : 0.0,
    "meanResTime" : 416.3333333333333,
    "medianResTime" : 314.0,
    "minResTime" : 270.0,
    "maxResTime" : 665.0,
    "pct1ResTime" : 665.0,
    "pct2ResTime" : 665.0,
    "pct3ResTime" : 665.0,
    "throughput" : 2.3734177215189876,
    "receivedKBytesPerSec" : 2.8029816060126582,
    "sentKBytesPerSec" : 0.4496514042721519
  }
}